PRODUCTO FORMATEADO,P. VENTA,TOTAL/ STOCK
Agua de Azahar 120 ml,2.3,12
Agua Oxigenada 120 ml,2.0,11
Alcohol Medicinal 90° 120 ml,2.0,10
Alcohol Medicinal 70° 120 ml,2.0,8
Alcohol Medicinal Azul 1 L,8.0,3
Antitranspirante Lady Speed Stick,1.5,7
Antitranspirante Speed Stick,1.5,6
Cepillo Dental Dento Adulto,2.8,8
Cepillo Dental Dento Niño,2.8,12
Pasta Colgate Familiar 150 g,12.0,8
Colonia Rey León,35.0,1
Toallas Higiénicas Kotex Nocturna,8.0,1
Pasta Dentito 80 g,4.8,6
Pasta Dento Familiar,8.0,3
Guantes de Látex Talla L,0.5,1
Guantes de Látex Talla M,0.5,178
Hisopos de Plástico (Empaque de Colores),1.5,3
Champú Head & Shoulders Limpieza Renovadora,5.0,10
Champú Head & Shoulders 180 ml,11.0,2
Champú Head & Shoulders 375 ml,19.5,4
Champú Head & Shoulders 90 ml,5.2,6
Jabón de Glicerina,3.0,1
Jabón Dove,4.3,1
Jabón Heno de Pravia,5.8,6
Jabón Neko Chico,3.5,2
Jabón Neko Grande,4.3,2
Jabón Protex Avena,4.5,5
Jabón Protex Fresh,4.5,2
Pasta Kolynos Triple Acción 75 g,5.0,2
Crema para Peinar Konzil,1.5,5
Laca Capilar Herbal Essences,12.0,0
Enjuague Bucal Listerine 500 ml,8.5,1
Ungüento Mentholatum (Lata),2.0,18
Toallas Higiénicas Nosotras Nocturna,8.5,5
Tratamiento Capilar Nutribela Células Madre,1.5,5
Tratamiento Capilar Nutribela Nutrición Total,1.5,5
Champú Pantene Control Frizz (Sachet),1.2,6
Champú Pantene Extremo 300 ml,19.5,1
Champú Pantene Restauración 300 ml,19.5,2
Champú Pantene Rizos Definidos 300 ml,19.5,0
Champú Pantene Equilibrio (Sachet),1.2,7
Pañales Huggies Recién Nacido (NC) x 30 un,20.0,30
Pañales Babysec Talla M,0.8,26
Pañales Babysec Talla XXG,1.3,44
Crema Facial Pond's Clarant B3 (Aclarante),1.5,3
Crema Facial Pond's Humectante,1.5,16
Crema Facial Pond's Age Miracle (Rejuvenece),1.5,10
Pañales Adulto Cotidian PractiPañal x 20 un,14.0,2
Prestobarba Gillette Prestobarba 2 Hojas,3.5,1
Prestobarba Gillette Prestobarba 3 Hojas,5.0,5
Prestobarba Gillette Venus,5.0,3
Protectores Diarios Nosotras,3.5,4
Repelente Floresta 120 ml,16.0,3
Champú Sedal Ceramidas,1.4,12
Champú Sedal Cero Caspa,1.4,5
Champú Sedal Dúo,1.4,8
Champú Bebé Crece,9.0,2
Pegamento Instantáneo Super Glue,0.6,15
Toallitas Húmedas Babysec x 45 un,4.8,2
Toallitas Húmedas Creesse x 100 un,6.0,3
Curitas / Venditas Adhesivas,0.1,177
Alcohol Medicinal 70° Alkalofarma 1 L,8.5,1
Antitranspirante Rexona Roll-On Men 30 ml,7.5,2
Antitranspirante Dove Roll-On Original 50 g,12.0,0
Antitranspirante Dove Roll-On Tono Uniforme Coco 50 g,12.0,1
Antitranspirante Dove Roll-On Tono Uniforme Caléndula 50 g,12.0,1
Antitranspirante Rexona Roll-On Women Active Emotion 53 g,12.0,2
Dolo Neuroprex Forte x 60 tab,1.5,44
Dolo Miopress Forte 450 mg + 35 mg x 100 tab (Paracetamol + Orfenadrina),2.0,37
Gravdan 50 mg / 5 ml x 10 ampollas (Dimenhidrinato),2.5,30
Dr. Flu Dropesac x 100 cápsulas blandas,1.0,40
Esparadrapo de Papel 5 cm x 5 m x 6 un,5.0,5
Esparadrapo de Papel 1.25 cm x 5 m x 12 un,3.0,11
Enalapril 20 mg x 100 tab,0.5,50
Doloral 100 mg / 5 ml Suspensión x 60 ml,13.0,2
Doloral Forte 200 mg / 5 ml Suspensión x 60 ml,26.0,1
Dolo Dolfenex Forte x 100 cápsulas (caja grande),2.0,49
Dolito 100 mg / 5 ml Suspensión x 60 ml (Ibuprofeno),11.0,2
Dobesilato de Calcio 500 mg x 100 cápsulas,0.8,100
Dolomax 100 mg / 5 ml Suspensión x 60 ml,14.0,3
Donamed F x 100 tab,1.3,50
Dolo-Neurobión Forte NF x 200 cápsulas,3.3,60
Electroral NF Fresa 1 L,13.5,6
Electroral NF Pedriátrico Fresa 1 L,14.5,6
Gel Capilar Ego Men Black 100 g,4.5,1
Gel Capilar Ego Men Ultra Intense Black 100 g,4.5,1
Desloratadina 5 mg x 100 tab,0.3,130
Bonacobix 90 mg x 14 tab,2.5,20
Bona-B Forte x 30 cápsulas blandas,2.0,15
Brillantina Reuter 25 ml,2.0,6
Brillantina Reuter 40 ml,2.5,5
Dexona 4 mg x 100 tab,1.5,40
Colirio Eyemo Solución Oftálmica (Gotas),12.0,3
Dexametasona 4 mg x 100 tab,0.3,184
Captopril 25 mg x 100 tab,0.1,90
Bio-Electro 250 mg / 250 mg / 65 mg x 100 tab,1.2,31
Diclofenaco 100 mg x 20 tab,0.8,24
"Catéter I.V. 20 x 1 1/4"" x 50 un",2.0,12
Pasta Colgate Triple Acción 22 ml x 12 un,2.8,4
Atorvastatina 40 mg x 100 tab,0.5,48
Dexalor Plus 0.25 mg + 2 mg x 100 tab,1.5,125
Caramelos Mentholatum x 60 sobres (Caja),1.5,7
Dimenhidrinato 50 mg / 5 ml Solución Inyectable x 50 ampollas,3.0,25
Broncophar Plus NF Jarabe 120 ml,11.0,4
Dexavet Diephar x 60 dosis,1.3,21
Broncophar Plus NF 5 mg + 10 mg + 100 mg / 5 ml x 60 monodosis,1.0,60
Broncobutol Plus NF x 60 monodosis,1.0,12
Bloqueador Solar Bahía Faces FPS 90 (10 g) x 20 sobres,2.5,20
Bloqueador Solar Bahía Faces FPS 100 (10 g) x 20 sobres,2.8,18
Bloqueador Solar Bahía Super Block FPS 55 (10 g) x 20 sobres,2.0,17
Diclofenaco Gel 1% 50 g,4.0,6
Betaplus Crema 0.05% 20 g,4.0,12
Dimenhidrinato 50 mg x 100 tab,0.2,45
Complejo B Jarabe 180 ml (con caja),6.0,2
Benzoato de Bencilo 25% 60 ml,8.0,1
Complejo B Forte x 200 cápsulas blandas,1.2,108
Bactrim Forte 800 mg + 160 mg x 100 comprimidos,1.5,26
Buscapina Compositum NF 10 mg + 500 mg x 100 comprimidos,1.5,40
Algodón Copón 50 g,3.5,4
Algodón Hidrófilo 25 g,1.5,10
Tintura de Árnica 30 ml,1.5,12
"Agujas Hipodérmicas 21G x 1 1/2""",0.2,87
"Agujas Hipodérmicas 25G x 5/8""",0.2,100
Clorelase Ungüento 15 g,11.5,3
Clorelase Plus Ungüento 15 g,15.0,3
Aspirina 100 mg x 100 tab,1.0,66
Agua Florida Murray & Lanman 22 ml,2.0,6
Agua Florida Murray & Lanman 70 ml,3.2,5
Amlodipino 10 mg x 100 tab,0.5,50
Chao NF x 50 sobres x 2 tab,2.0,3
Albendazol 200 mg x 100 tab,0.3,50
Pasta Colgate Triple Acción 75 ml x 12 un,7.5,1
Clorfenamina 10 mg / 1 ml Solución Inyectable (IM/IV) x 100 ampollas,2.0,30
Anís Estrella,1.5,20
Ácido Bórico 100 g (Pote),2.2,6
Alumbre Estándar 42 g x 50 sobres,1.5,18
Aci-Tip Suspensión 800 mg x 200 ml,26.0,1
Abrilar Jarabe 100 ml,22.5,6
Cetirizina 5 mg / 5 ml Jarabe,4.0,6
Celecoxib 200 mg x 100 cápsulas,0.4,105
Ambroxol 15 mg / 5 ml Jarabe 120 ml Portugal,4.5,1
Ambroxol 30 mg / 5 ml Jarabe 120 ml Portugal,4.5,3
Clorfenamina 2 mg / 5 ml Jarabe 120 ml (con caja),3.0,8
Clorfenamina 2 mg / 5 ml Jarabe 60 ml (con caja),2.5,6
Clotrimazol 1% Crema 20 g,3.0,9
Clotrimazol 500 mg x 1 tab vaginal,1.5,30
Clotrimazol 1% Solución Tópica 20 ml (con caja),3.0,3
Cetirizina 10 mg x 100 tab,0.2,515
Apronax 550 mg x 120 tab,2.0,82
Amikacina 500 mg / 2 ml x 10 ampollas,3.0,10
Enterogermina 5 ml x 10 viales,4.5,32
Etoricoxib 90 mg x 30 tab recubiertas,2.5,16
Frutti Flex 50 Fresa 1 L,9.0,6
Gasa de Algodón Estéril 5 cm x 5 cm x 20 sobres,0.7,35
Gasa de Algodón Estéril 7.5 cm x 7.5 cm x 20 sobres,1.0,39
Gasa de Algodón Estéril 10 cm x 10 cm x 20 sobres,1.2,40
Fenazopiridina 100 mg x 100 tab,0.4,88
Frutensima Forte 80 mg + 172 mg x 120 comprimidos,1.5,22
Furosemida 40 mg x 100 tab,0.2,30
Gaseoplus 80 mg / ml Gotas Fresa 15 ml,10.0,2
Furazolidona 100 mg x 100 tab,0.4,30
Gastroral 800 mg + 40 mg x 120 tab,1.0,14
Floril Colirio NF Lansier 15 ml,11.0,3
Floril Colirio NF Lansier 8 ml,9.0,4
Gabapentina 300 mg x 100 cápsulas,0.4,130
Gaseovet 80 mg x 120 tab masticables,2.5,30
Gaseovet Gotas 80 mg / 1 ml Fresa 15 ml,26.0,2
Gaseovet Gotas 80 mg / 1 ml Anís 15 ml,22.5,2
Fastum Gel 2.5% 30 g,16.5,2
Jabón Líquido para Manos Floresta 400 ml,7.0,3
Furazolidona 50 mg / 5 ml Jarabe 120 ml (con caja),4.5,3
Gemfibrozilo 600 mg x 100 tab,0.5,150
Yodopovidona Espuma 7.5% 120 ml,8.2,2
Violeta de Genciana 30 ml,1.8,12
"Venda Elástica 8"" x 5 yardas (con 2 ganchos)",4.0,4
Vaselina Reuter Pura 5 g,1.5,6
Vaselina Reuter Perfumada 5 g,1.6,6
Vaselina Reuter Pura 18 g,2.5,6
Vaselina Reuter Perfumada 18 g,2.5,6
Termómetro Digital Punta Rígida T12L x 1 un,9.0,5
Toban F x 100 tab,1.0,135
Vitamina C + Zinc Naranja x 10 tab,1.0,22
Supositorios de Glicerina Adultos x 100 un,0.5,28
Supositorios de Glicerina Niños x 100 un,0.5,30
Tukol-D Jarabe Infantil / Adulto 120 ml,19.5,2
Sinflemax-P 15 mg / 5 ml Jarabe 120 ml,15.0,2
Sinflemax Compuesto Adulto 15 mg / 5 ml Jarabe 120 ml,18.2,2
Terramisol-A ungüento oftálmico,13.0,2
Terbinafina 250 mg x 100 tab,0.7,50
Urotan D 100 mg x 100 tab,1.5,48
Soluna NF 50 mg + 5 mg / 1 ml Solución Inyectable,22.0,3
Soluna 5 x 1 Ampolla,16.5,2
Sulfato Ferroso 300 mg x 100 tab,0.2,50
Welplex 10 mg + 100 mg / 5 ml Jarabe 120 ml,11.0,1
Sulfametoxazol + Trimetoprima 800 mg + 160 mg x 100 tab,0.3,190
Terbinafina 1% Crema 20 g,5.0,3
Sulfametoxazol + Trimetoprima 200 mg + 40 mg / 5 ml Suspensión 60 ml,5.5,8
TDN Allergy 10 mg x 100 cápsulas blandas,1.2,93
Vaxigel x 100 óvulos vaginales,3.2,20
Vick VapoRub Ungüento 50 g,13.5,2
Vick VapoRub Ungüento 100 g,22.0,1
Vick VapoRub Ungüento 12 g (Lata),3.5,8
Vitapyrena Forte 5 g x 50 sobres,3.2,15
Lasix 40 mg x 20 comprimidos,1.2,20
Neurodioxaflex x 208 cápsulas,3.0,20
Leche de Magnesia Philips Kids Durazno 120 ml,10.0,4
Leche de Magnesia Philips Clásica 120 ml,10.0,8
Mejoral x 200 tab,0.5,30
Naproxeno Sódico 550 mg x 100 tab,0.5,169
Lactulosa 3.33 g / 5 ml Solución Oral 100 ml,12.0,3
Mantequilla de Cacao x 100 un,0.5,12
Metoclopramida 10 mg x 100 tab,0.2,100
Lactulosa 3.33 g / 5 ml Solución Oral 200 ml,18.5,3
Llave de 3 Vías con Extensión 50 cm,1.8,8
Enjuague Bucal Listerine Cuidado Total 180 ml,11.0,2
Enjuague Bucal Listerine Control Cálculo / Antisarro 180 ml,11.0,2
Limonada Purgante Markos Libre de Calorías 200 ml,10.5,6
Livolin Forte x 30 cápsulas blandas,2.2,20
Ungüento Mentholatum 5 g,1.0,48
Ungüento Mentholatum 30 g,7.0,2
Ungüento Mentholatum 18 g,3.2,12
Metformina Clorhidrato 850 mg x 100 tab,3.33,100
Metronidazol 500 mg x 100 tab,0.3,186
Nistafen x 100 óvulos vaginales,4.0,30
Mucotrim Dilat Jarabe 100 ml,19.0,2
Medipiel-B Crema 20 g,13.5,5
Nofertyl Solución Inyectable I.M. + Jeringa,16.0,2
Pezonera Poemina x 1 un,9.0,2
Novalgina 500 mg x 50 tab,0.5,34
Parquedol 15 mg x 100 tab (Meloxicam),1.5,30
Paragasex 80 mg / 1 ml Gotas Fresa 15 ml,8.9,2
Parche León de Árnica Hansaplast,6.0,5
Percof 30 mg / 5 ml Jarabe 120 ml cc,20.0,2
Orfenadrina Citrato 100 mg x 100 tab,0.5,48
Tibex 1.5 mg x 1 tab,10.0,10
Omeprazol 20 mg x 10 cápsulas,0.3,50
Panadol Antigripal NF x 2 tab,2.8,32
Paldolor Extra Forte x 200 tab,1.5,50
Piralgina 500 mg x 100 tab (Metamizol),0.5,44
Paracetamol 500 mg x 100 tab,0.2,470
Paramidol Migraña 250 mg + 250 mg + 65 mg x 100 tab,1.5,40
Padrax 1.65 g Polvo x 60 sobres,1.5,10
Plidan Compuesto 10 mg + 500 mg x 100 comprimidos,1.4,28
Norifam 50 mg + 5 mg / 1 ml Solución Inyectable x 10 ampollas,18.0,30
Palatox Forte 10 mg + 100 mg / 5 ml Jarabe 120 ml,12.0,2
Palatox Forte Diephar x 60 dosis,1.0,18
Paracetamol 120 mg / 5 ml Jarabe 120 ml (con caja),5.0,9
Pañales Babysec Premium Talla G x 58 un (Sin empaque),1.0,18
Otozambon NF Gotas Óticas 10 ml,23.5,1
Glicerina Líquida 30 ml,2.5,12
"Jeringa 5 ml 21G x 1 1/2""",0.5,99
Gripacheck 325 mg + 10 mg + 5 mg x 100 cápsulas blandas,1.5,26
Jeringa 3 cc DDL,0.5,98
Hisopos Creesse x 50 un (Display x 20 paquetes),1.0,46
Hirudoid Pomada 14 g,16.5,2
Hirudoid Forte Crema 14 g,20.0,2
Hemopropin Ungüento 20 g (con caja),29.9,2
Glibenclamida 5 mg x 100 tab,0.2,100
Ibuprofeno 100 mg / 5 ml Suspensión 60 ml,5.5,10
Ketorolaco 10 mg x 100 tab,0.2,95
Ibuprofeno Kids 100 mg / 5 ml Suspensión 120 ml,5.0,9
Champú Johnson's Manzanilla Cabello Claro 100 ml,10.2,3
Pasta Kolynos Grande 100 ml,6.5,0
Humed 0.3% Solución Oftálmica (Gotas) 15 ml,14.8,3
Gentamicina 0.3% Gotas Oftálmicas 5 ml,5.5,2
Gravol 50 mg x 100 tab,4.0,20
Hepabionta x 200 grageas,2.3,30
Hepabionta Forte x 100 cápsulas,2.7,24
Hidróxido de Aluminio + Magnesio 400 mg + 400 mg Suspensión 120 ml,10.5,3
Hepalivio B x 100 cápsulas,1.8,48
Ibuprofeno 100 mg / 5 ml Suspensión 60 ml,5.0,6
Gingisona B Spray 0.30% 15 ml,31.0,2
Gentamicina 160 mg / 2 ml Solución Inyectable x 10 ampollas,3.0,10
Jabón de Glicerina Bel Natural 90 g,3.5,4
Plidocheck Plus 400 mg x 100 cápsulas,1.5,32
Pregabalina 75 mg x 30 cápsulas,2.2,30
Condones GB Clásico x 24 sobres,4.0,12
Rowatinex NF x 100 cápsulas blandas,2.0,20
Rowachol NF x 100 cápsulas blandas,3.0,18
Sal de Andrews Triple Acción Polvo Efervescente x 30 sobres,1.5,30
Sal de Andrews 5 g x 100 sobres,0.8,50
Prednisona 20 mg x 100 tab,0.4,94
Prednisona 50 mg x 100 tab,0.5,93
Preservativos Gents Clásico (Naranja) x 24 un,3.2,2
Preservativos Gents Aros (Morado) x 24 un,3.2,3
Preservativos Gents Espuelas (Rojo) x 24 un,3.2,5
Pyridium 100 mg x 100 tab,2.5,30
Pyridium-X Forte 200 mg x 100 tab,1.8,9
Reuma Sol NF Ungüento 100 g,26.0,2
Rynatan x 100 tab,3.2,14
Repelente Floresta Kids Crema 7.5% x 20 sachets,1.5,18
Salbutamol Inhalador Aerosol 100 mcg x 200 dosis,8.5,2
Redozinc 1000 mg + 10 mg x 10 tubos,10.5,3
Prednisona 5 mg / 5 ml Jarabe 60 ml,8.5,5
Portil NF Crema 20 g,5.0,18
Repriman 500 mg / ml Gotas 10 ml,11.5,4
Repriman 500 mg x 100 comprimidos,0.5,144
Roxtrim Forte Suspensión 60 ml,10.0,2
Roxtrim Pedriátrico Suspensión 60 ml,10.0,1
Rino-BB DM 0.9% Gotas Nasales 15 ml,10.5,2
Clerilax 250 mg x 10 tab,3.8,0
Esomeprazol 20 mg x 30 tab,1.5,59
Bonazol 40 mg x 30 tab (Esomeprazol),2.0,40
Test 7 Tira de Prueba de Embarazo (Rosada),4.5,17
Aceite para Bebé Creesse 100 ml,10.0,1
Ibumejoral Mujer 200 mg x 100 cápsulas blandas,1.5,37
Flatuzym Advance x 100 cápsulas,1.5,50
Clenxol F x 100 tab,2.0,52
Neurobión B1 + B6 + B12 x 100 tab,3.7,24
Cortidiephar 5 mg / 5 ml x 60 monodosis,1.3,42
Descongest NF Diephar x 60 monodosis,1.3,57
Manidol 120 mg / 5 ml Diephar x 60 monodosis,1.0,60
Ibupirol Forte 200 mg / 5 ml Diephar x 60 monodosis,1.0,60
Rexaler 2.5 mg / 5 ml Solución Oral,1.3,47
Pantoprazol 40 mg x 100 tab,1.8,44
Cefalexina 500 mg x 100 tab,0.7,96
Clorelase Ungüento 15 g (repetido?),18.0,2
Clondicyn 300 mg x 50 cápsulas,2.0,85
Doxilor 100 mg x 100 cápsulas,0.8,100
Aciclovir 800 mg x 10 tab,1.5,86
Amoxicilina 500 mg x 100 tab,0.4,82
Cefalexina 250 mg / 5 ml Suspensión 60 ml,9.0,6
Azitromicina 200 mg / 5 ml Suspensión 15 ml (con caja),9.0,6
Clindamicina 300 mg x 120 cápsulas,0.7,91
Cefadroxilo 500 mg x 100 cápsulas,0.8,180
Gentamicina 160 mg / 2 ml Solución Inyectable x 25 ampollas,2.0,25
Ciprofloxacino 500 mg x 100 tab,0.5,296
Dicloxacilina 500 mg x 50 cápsulas,0.6,150
Clavunil 250 mg + 62.5 mg / 5 ml Suspensión 60 ml,18.0,1
Ceftrimax 1 g Solución Inyectable I.M. x 1 vial + disolvente,10.0,7
Dinapen 500 mg x 100 cápsulas,1.5,100
Azitromicina 500 mg x 100 tab,1.5,185
Azitral 200 mg / 5 ml Suspensión 30 ml,28.5,2
Furoxona 100 mg x 100 tab,2.5,50
AB-Broncol 1200 NF I.M. Ampolla,26.0,11
Cefacrol 1000 mg I.M. Ampolla (Ceftriaxona),18.5,1
Amoxidal Dúo 500 mg / 5 ml Suspensión 60 ml,27.0,2
Amoxidal Dúo 875 mg x 98 comprimidos,2.0,98
Cefatriax 1 g x 10 viales,15.8,10
Aciclav 875 mg + 125 mg x 14 tab,3.0,23
Aciclav 500 mg + 125 mg x 14 tab,1.5,40
Ceftriaxona 1 g Solución Inyectable (I.M. / I.V.) x 10 viales,4.0,18
Amoxicilina 500 mg x 100 cápsulas,0.5,72
Amoxicilina + Ácido Clavulánico 500 mg + 125 mg x 10 tab,1.7,10
Cefalexina 500 mg x 50 cápsulas,0.8,124
Furazolidona 100 mg x 100 tab,0.3,100
Furazolidona 50 mg / 5 ml Jarabe 120 ml,6.0,3
Levoglob 500 mg x 10 tab,2.5,20
Levofloxacino 500 mg x 100 tab,1.5,50
Ciprocalmex 500 mg x 100 comprimidos,1.5,91
Roxtrim Forte x 100 comprimidos,1.5,95
Bactrim 500 mg + 80 mg x 20 comprimidos,1.5,20
Repelente Zzzcudo Loción x 24 un,1.0,24
Repelente Off! Family,20.0,1
Pañales Adulto Comodity Talla G,2.2,17
Toallitas Húmedas x 100 un,4.5,6
Hisopos x 200 un,4.5,6
Biberón Creesse Azul Transparente 5 oz,8.0,1
Biberón Creesse Rosado Transparente 5 oz,8.0,1
Súper Biberón Creesse Azul 10 oz,12.5,2
Súper Biberón Creesse Rosado 10 oz,12.5,2
Biberón de Vidrio Creesse Rosado Acinturado 8 oz,12.0,1
Biberón de Vidrio Creesse Azul Acinturado 8 oz,12.0,1
Biberón de Vidrio Creesse Acinturado 4 oz,10.0,0
Biberón de Vidrio Decorado 4 oz,10.0,1
Súper Biberón con Asas Rosado 14 oz,15.0,2
Súper Biberón con Asas Azul 14 oz,15.0,2
Mordedor Creesse Piecito,8.5,2
Mordedor Creesse Manito,8.5,2
Mordedor Creesse Osito,8.5,2
Mordedor Creesse Caballito,8.5,1
Tetina de Silicona Creesse N° 4,3.5,3
Tetina de Silicona Creesse N° 3,3.5,3
Tetina de Silicona Creesse N° 2,3.5,2
Tetina de Silicona Creesse N° 1,3.5,2
Súper Tetina de Silicona Creesse,4.5,6
Ketorolaco 60 mg Solución Inyectable (I.M.) x 25 ampollas,4.0,3
Biberón BB Club Tiburón 8 oz,11.0,1
Biberón Tuinies Dumbo con Asas 12 oz,13.5,1
Biberón Tuinies Paw Patrol 12 oz,13.5,1
Biberón BB Club Princesa Lila con Asas 12 oz,12.5,1
Broncophar Plus Diephar x 60 monodosis,1.3,20
Anaflex Mujer x 150 cápsulas,1.5,168
Aciclovir 5% Crema 5 g,3.5,14
Sonda Foley N° 16,6.0,6
Ibuprofeno 400 mg x 100 tab,0.2,75
Bismualiv x 80 sobres (2 tab c/u),1.0,12
Bisolvon Jarabe Adulto 120 ml,25.0,2
Sales de Rehidratación Oral x 25 sobres,1.8,25
Fluimexina 600 mg x 30 sobres,1.6,9
Guantes de Examen Talla M,0.5,98
Cloruro de Sodio 0.9% 100 ml,5.0,6
Equipo de Venoclisis x 25 un,4.5,5
Ibuprofeno 800 mg x 100 tab recubiertas,0.7,103
"Agujas Hipodérmicas Descartables 22G x 1 1/2"" x 100 un",0.2,100
"Catéter I.V. 24G x 3/4"" x 50 un",2.3,4
"Catéter I.V. 20G x 1 1/4"" x 50 un",3.5,6
"Agujas Hipodérmicas Descartables 23G x 1"" x 100 un",0.2,100
Jeringa de Tuberculina 1 ml,0.5,99
Jeringa 10 ml,0.5,93
Eliton Forte Jarabe 340 ml,33.0,1
Albendazol 100 mg / 5 ml Suspensión 20 ml (Pack x 2 frascos),3.0,2
Sildenafilo 50 mg x 1 tab,3.0,10
Sildenafilo 50 mg x 4 tab recubiertas,4.0,12
Notil Crema 10 g,16.0,4
Diclofenaco 75 mg / 3 ml Solución Inyectable x 10 ampollas,2.3,15
Test de Embarazo (Casete),9.0,11
Panadol Forte x 28 tab,2.8,17
Nodial Crema Dérmica 10 g,9.0,3
Eliton NF Jarabe 340 ml,30.0,1
Multibióticos Naranja x 50 sobres,3.3,22
Betametasona 0.05% Crema,4.0,3
Vomixtal 50 mg x 100 tab,0.8,16
Sildemax 50 mg x 4 tab,5.0,4
Solutres 150 mg Solución Inyectable 1 ml,26.0,2
Clinotrim 3 x 1 Ampolla,17.0,2
Multibióticos Mentol x 50 sobres,3.3,5
Albendazol 100 mg / 5 ml Suspensión 20 ml (Pack x 3 frascos),3.8,3
Cloruro de Sodio 0.9% 1000 ml,11.0,3
Fluconazol 150 mg x 100 cápsulas,0.6,8
Padrax Polvo Oral,1.5,9
Toallitas Húmedas con Diseño,2.0,10
Aceite Petit Bebé Tapa Morada 125 ml,10.0,2
Toallitas Húmedas Pocoyó x 184 un,9.0,2
Zaridon x 1 tab recubierta,1.5,8
Amoxicilina 250 mg / 5 ml Jarabe 60 ml Portugal,5.5,2
Chupón Creesse con Protector Normal,9.5,4
Albendazol 100 mg / 5 ml Suspensión 20 ml (Pack x 2 frascos),2.5,12
Doloir 75 mg Solución Inyectable x 10 ampollas,3.0,33
Papel Higiénico Suave Naranja (Paquete 10 x 2),1.5,10
Jabón Johnson's Baby 75 g,4.3,5
Hilo Dental Johnson & Johnson (Verde),14.0,2
Pezonera Recolectora de Leche Creesse,10.0,2
Desodorante Rexona (Sachet),1.5,2
Pañales Ninet Talla XXL x 88 un (2 Paquetes x 44),49.0,2
Pañales Ninet Talla XXL x 44 un (Por unidad de paquete),1.3,88
Pañales Ninet Talla L x 64 un (Por unidad de paquete),0.8,61
Electrolit Solución Oral 475 ml,2.5,10
Electrolit Solución Oral 800 ml,3.5,2
Pasta Total Dent,3.0,0
Alcohol Etílico 96° 1000 ml,9.5,2
Desodorante en Aerosol 85 ml,14.0,1
Deflazacort 30 mg x 10 tab,2.7,20
Antitranspirante Dove Aerosol Original 150 ml,14.5,2
Antitranspirante Dove Aerosol Orquídea 150 ml,14.5,0
Champú Savital Aminoácidos 510 ml,13.5,1
Champú Savital Multivitaminas 510 ml,13.5,1
Champú Savital Multióleos 510 ml,13.5,1
Champú Savital Colágeno 510 ml,13.5,2
Acondicionador Savital 490 ml,12.0,1
Pañales Huggies Talla XXG x 40 un,50.0,31
Panadol Azul x 24 tab (Paracetamol + Clorfenamina + Pseudoefedrina),1.8,14
Tansucar 0.4 mg x 30 cápsulas,1.5,28
Kitamas 10 mg x 30 tab,2.0,20
PVM Adulto Vainilla 460 g,44.7,1
PVM Junior Vainilla 360 g,40.2,1
Donafan Forte 2 mg x 100 tab,1.0,50
Dolocordralan Extra Forte NF x 54 cápsulas,2.5,54
Amsulona 0.4 mg x 30 cápsulas,2.0,30
Amoxicilina 250 mg / 5 ml Jarabe 60 ml Genfar,6.0,6
D-Hipoglós Z Emulsión 20 g,22.8,2
Neuroaliv x 5000 cápsulas blandas,3.5,14
Bolsa Colectora de Orina Pediátrica,1.5,3
Bolsa Colectora de Orina Adulto,5.0,9
Dexalab 4 mg x 100 tab,2.0,47
Paramidol 1 g x 100 tab (Paracetamol),1.0,88
Sitiderm NF Crema 10 g,11.0,3
Bismualiv 87.33 mg / 5 ml Suspensión 340 ml,20.0,1
Amoxicilina + Ácido Clavulánico 250 mg + 62.5 mg / 5 ml Suspensión 150 ml,10.5,3
Bismualiv 87.33 mg / 5 ml Suspensión 150 ml,12.0,2
Supracort 15 mg / 5 ml Jarabe 100 ml (Prednisolona),26.0,1
Bebida Rehidratante Flash Lite,7.5,8
Sildemax 100 mg x 4 tab,5.0,4
Amoxicilina + Ácido Clavulánico 500 mg + 125 mg x 10 tab,1.5,52
Champú Medicasp Anticaspa (Sachet),2.8,0
Jeringa 5 ml,0.5,86
Sildenafilo 100 mg x 4 tab,2.5,12
Papel Higiénico Noble (Paquete x 4),5.5,6
Jeringa 20 ml,0.8,96
Toallas Higiénicas Stayfree Normal con Alas,4.5,6
Talco Johnson's Baby 200 g,18.8,2
Talco Creesse 200 g,10.0,1
Talco Creesse 400 g,12.0,1
Talco Creesse 625 g,14.0,1
Prestobarba Schick Exacta 2 (Amarilla),1.8,24
Talco Creesse 100 g,8.0,1
Dextrometorfano Jarabe 120 ml,5.0,5
Dextrosa 5% Solución Inyectable,7.0,2
Losartán 50 mg x 60 tab,0.3,480
Alerliv 5 mg x 30 tab,1.0,60
Extracto de Placenta Solución Inyectable (Ampolla),4.0,3
Repriman Jarabe,13.0,5
Dexametasona Solución Inyectable (Ampolla),3.0,64
Panadol Niños Jarabe 60 ml,22.0,6
Ketaxal 10 mg x 100 tab,1.0,100
Complejo B x 300 cápsulas,0.2,580
Omeprazol 40 mg Solución Inyectable,4.0,10
Miflora Total Suspensión Oral x 10 viales,2.7,10
Pred-Xolona x 100 tab,1.2,100
Piralgina 250 mg / 5 ml Jarabe 50 ml (Metamizol),12.0,2
Gastroral Suspensión 200 ml,20.0,1
Padydol Gotas 15 ml,10.0,3
Orflexdan 60 mg,2.5,20
Hanakedol 10 mg x 50 tab,0.6,44
Ibuprofeno 400 mg x 100 tab,0.3,97
Tosalbrom Jarabe Adulto 50 mg / 100 ml,18.0,1
Ácido Fólico 0.5 mg x 30 tab,0.2,60
Mascarilla KN95 x 20 un,1.5,20
Bicarbonato de Sodio 25 g,1.0,11
Lidocaína 2% Solución Inyectable 20 ml,5.0,9
Flexen Plus 35 mg + 450 mg x 100 comprimidos,1.2,50
Beclometasona Inhalador Aerosol 50 mcg,16.0,1
Beclometasona Inhalador Aerosol 250 mcg,17.0,1
Doxiciclina Hiclato 100 mg x 100 tab,0.3,23
Ergonex 1 mg + 100 mg tab,1.3,30
Orfenadrina Citrato,0.4,144
Cloranfenicol 500 mg x 100 cápsulas,0.7,68
Clorfenamina Maleato 4 mg x 100 tab,0.1,480
Toallas Higiénicas Nosotras Protección V,5.5,7
Toallas Higiénicas Kotex Nocturna,6.5,1
Toallas Higiénicas Ladysoft Delgada,5.0,3
Toallas Higiénicas Ladysoft Normal,4.5,3
Toallas Higiénicas Ladysoft Básica,4.0,6
Antitranspirante Lady Speed Stick 30 g,6.0,3
Antitranspirante Speed Stick 30 g,6.0,3
Orofer 50 mg / 5 ml Jarabe 150 ml (Hierro),32.0,1
Ketoprofeno 100 mg / 2 ml Solución Inyectable x 6 ampollas,4.5,14
Equipo de Microgotero Volutrol 100 ml (con Bureta),6.0,3
Pañales Adulto PractiPañal Plenitud x 10 un,8.0,1
Ketoprofeno 200 mg x 30 cápsulas (Keto-Pro-Del),3.8,6
Dolo Neurofor 50 mg + 50 mg + 50 mg + 0.25 mg x 100 cápsulas,2.2,20
Vivactiv Magnesio + Zinc Sabor Naranja x 20 tab efervescentes,12.0,1
Vaso Recolector de Orina,1.2,12
Dextrometorfano 15 mg / 5 ml Jarabe,5.0,6
Jabón de Glicerina Johnson's Baby,5.0,1
Acondicionador Johnson's Baby Manzanilla 400 ml,29.0,0
Champú Johnson's Baby 200 ml,18.0,1
Champú Johnson's Baby 1 L,49.0,0
Guantes Quirúrgicos de Látex Talla 7.5 x 50 pares,2.0,50
Microgynon x 21 grageas (Anticonceptivo Oral),12.0,2
Lizomin Z Gotas,25.0,2
Condriplus Pote 300 g,50.0,0
Hidroclorotiazida,0.3,100
Bronco Medimox 250 mg / 5 ml Suspensión,25.0,1
Givaxol Dúo 500 mg + 100 000 UI,5.0,10
Fluimexina 200 mg x 30 sobres,1.6,23
Paracetamol 120 mg / 5 ml Jarabe 60 ml,3.5,2
Cardioplex x 100 tab,0.6,100
"Venda Elástica 3"" x 5 yardas",2.0,6
Jeringa 3 ml,0.5,6
Champú Johnson's Baby Manzanilla 100 ml,10.2,2
Ambroxol 15 mg / 5 ml Jarabe 120 ml,5.8,7
Perilla / Bombilla de Aspiración Smic N° 4 (60 ml / China),7.0,5
Bicarbonato de Sodio 100 g (Pote),5.0,8
Agua Destilada 5 ml,2.6,4
Tramadol 50 mg x 5 ampollas,5.0,5
Tramadol 100 mg / 2 ml x 5 ampollas,7.0,5
Tramadol 50 mg x 10 cápsulas,2.0,4
Terbinafina 1% Crema 20 g / marca,8.0,4
Colchicina 0.5 mg x 30 tab,0.6,30
Xilocaína 2% Jalea Tubo 30 g,16.5,2
Hierromin 100 mg / 5 ml Solución Inyectable x 5 ampollas,12.0,5
Atos Expectorante Jarabe 120 ml,12.0,2
Quemacuran Crema 20 g,12.5,2
Dermasol Post Solar 240 g,22.0,1
BUK Citos,0.7,46
Bálsamo Labial (Display x 8 un x 30 mm),5.5,8
Tiamina 100 mg x 100 tab (Vitamina B1),0.2,100
Cloranfenicol 250 mg / 5 ml Jarabe 60 ml,10.0,2
Clobetasol 0.05% Crema 25 g,5.5,3
Mupirobac 2% Crema 15 g,20.0,2
Metoclopramida 10 mg / 2 ml (I.M. / I.V.) x 10 ampollas,3.0,10
Mandil Quirúrgico Descartable,5.0,6
Gorro blanca (Toca),0.5,100
Cubre Calzado,0.8,100
Toalla Multiuso x 20 un,13.5,3
Ungüento Mentholatum 30 g,8.5,1
Ungüento Mentholatum 18 g,4.0,12
Reforce C 7.5 g / 50 ml,52.0,2
Ketorolaco 60 mg / 2 ml,4.0,12
Idon 10 mg / ml Gotas 15 ml,43.0,2
Tapsin Plus Antigripal Caliente Noche x 1 sobre,3.2,12
Dioxaflex CB NF 50 mg x 120 cápsulas,4.8,8
Nastizol Junior NF Antigripal x 100 comprimidos,1.5,46
Cefradina 250 mg / 5 ml Suspensión 60 ml,12.0,3
Maltofer Fol x 30 tab masticables,3.8,20
Champú Medicasp Anticaspa 130 ml,32.0,2
Mucovit Crema 30 g,28.5,2
Mucovit HRS Jarabe 110 ml,35.0,1
Diclofenaco 50 mg x 100 tab,0.4,100
Crema Corporal Nivea Milk Nutritiva (Piel Extra Seca) 250 ml,20.0,1
Crema Corporal Nivea Milk Nutritiva (Piel Extra Seca) 400 ml,29.0,1
Flamodil Forte 15 g,13.3,2
Evacuol Plus Enema 66.5 ml,28.0,1
Evacuol Plus Enema 133 ml,33.0,1
Enddol,2.0,200
Medimoxilin CL,15.0,1
Etoricoxib 90 mg,2.3,55
Bronco Trifamox 250 mg / 5 ml Suspensión 60 ml,25.0,2
Floximax 750 mg,3.5,10
Sifacox 400 mg,2.5,28
Enzo (suplemento de enzimas digestivas),1.8,60
Magnesio Complex,1.8,30
Calcio Complex,1.8,30
Hierro Complex,1.8,30
Arcodex 120 mg x 100 tab,4.5,7
Arcodex 90 mg x 100 tab,2.5,14
Champú Head & Shoulders Fuerza de Raíz 1 L,46.0,2
Champú Head & Shoulders Limpieza Renovadora 180 ml,11.0,1
Champú Head & Shoulders Suave y Manejable 2 en 1 180 ml,11.0,1
Champú Head & Shoulders Anti-Comezón 180 ml,11.0,1
Champú Pantene Nutri-Pro V Bambú 300 ml,19.0,1
Champú Pantene Rizos Definidos 300 ml,19.0,1
Body Spray Advíncula Adventure,13.5,2
Jabón Íntimo Lactacyd,24.8,1
Champú Ammens Manzanilla,18.0,2
Germiderm-C Crema 20 g,19.0,1
Antitranspirante Rexona Hombre Aerosol,14.0,1
Antitranspirante Rexona Mujer Aerosol,14.0,1
Tifocol 1% Crema (Terbinafina) 20 g,12.0,3
Epinefrina 1 mg / 1 ml Solución Inyectable x 10 ampollas,4.2,10
Neo Silenai Pediátrico Jarabe 120 ml,25.5,2
Sucralmax Suspensión 200 ml,26.0,1
Fluconazol 150 mg x 2 cápsulas,1.8,12
Cluvax Óvulos Vaginales,16.0,6
Loratadina 5 mg / 5 ml Jarabe 60 ml,5.2,3
Champú Tío Nacho Control Caída y Engrosador,28.0,1
Ácido Acetilsalicílico,0.3,100
Amlodipino 5 mg x 10 tab,0.3,30
Betacort Depot Solución Inyectable 1 ml (Ampolla),33.2,3
Plasminex 250 mg x 10 tab (Ácido Tranexámico),3.9,40
Mico Dermasan 1% Crema 20 g,5.5,6
Champú Clear Anticaspa Ice Cool Mentol 400 ml,16.5,3
Pañales Adulto PractiPañal Comodity x 20 un,10.0,3
Champú Creesse Manzanilla 750 ml,17.0,2
Toallitas Húmedas Creesse x 160 un,10.0,3
Champú Creesse Manzanilla 360 ml,9.2,2
Champú Elvive Hidra Hialurónico 370 ml,21.5,1
Champú Elvive Color Vive 370 ml,21.4,1
Champú Elvive Caída Resist Fortalecedor 370 ml,21.5,1
Pañales Adulto Comodity x 20 un,2.0,20
Voxamine 50 mg x 100 tab,0.8,100
Ibupan 400 mg x 100 tab,1.0,100
Lincomicina 600 mg / 2 ml Solución Inyectable x 10 ampollas,3.0,10
Medirelax x 120 tab,1.5,120
Miflora LBS Suspensión Oral x 10 sobres,4.6,10
Neuromins x 100 comprimidos,2.0,100
Ressfril Forte x 100 tab,1.5,100
Yodopovidona 10% Solución Tópica,8.0,2
Aaerocámara / Espaciador Valvulado Pediátrico,9.0,3
Meloxicam 15 mg x 100 tab,0.5,100
Panadol Gotas 100 mg / ml 15 ml,22.0,5
Clavupharma 250 mg + 62.5 mg / 5 ml Suspensión 60 ml,18.0,1
Aerocámara / Espaciador Valvulado Neonatal,9.0,3
Aerocámara / Espaciador Valvulado Adulto,10.0,3
Nisoflam 5 mg / 5 ml Jarabe (Prednisona),19.0,3
Protector de Cama Cotidian x 8 un,3.0,18
Neurobión 5000 x 60 tab recubiertas,3.8,10
Multiderm Crema,15.2,2
Amoxicilina + Ácido Clavulánico 250 mg + 62.5 mg / 5 ml Suspensión 60 ml,10.5,3
Pañales Babysec Ultra Seco x 58 un (Paquete),44.0,1
Tampón Vaginal Nosotras,2.0,10
Papel Higiénico Paracas Morado,1.5,24
Metronidazol 500 mg / 100 ml Solución para Infusión,3.8,6
Leche Corporal Babaria Aceite de Almendras 400 ml,19.8,1
Conmel 1000 Solución Inyectable (Metamizol Sódico),4.6,27
Acondicionador Elvive Color Vive 370 ml,19.4,1
Antitranspirante Babaria Spray Doble Efecto con Vitamina E,16.5,1
Antitranspirante Babaria Spray Invisible,16.5,1
Body Spray / Splash Babaria,16.5,1
Body Spray Babaria Black Gold,16.5,1
Alcohol Yodado 30 ml,2.5,3
Timolina 75 ml,2.0,6
Talco Ammens Manzanilla 125 g,15.0,2
Crema Nivea Lata 30 g,8.0,3
Crema Nivea Lata 60 g,13.0,3
Acondicionador Barbie 300 ml,16.0,1
Colonia Spiderman 175 ml,18.0,1
Quitaesmalte con Acetona,7.0,6
Aceite de Ricino,2.0,12
Toallas Higiénicas Veesper (Rosada),3.5,12
Toallas Higiénicas Veesper (Morada),4.5,6
Nophermy 100 mg / 5 ml Suspensión Oral (Nitazoxanida),14.0,3
Mebendazol 100 mg / 5 ml Jarabe 30 ml,6.0,3
Acetilcisteína 600 mg x 50 sobres,1.6,50
Claritromicina 500 mg x 100 tab,1.5,50
Irbesartán 300 mg x 100 tab,1.0,100
Diosmin H (Diosmina + Hesperidina),3.0,30
Mebendazol 100 mg x 100 tab,0.3,100
Hidroxaneurin 10 000 mcg / 2 ml Solución Inyectable I.M.,26.5,2
Desodorante Sky Teens 150 ml,11.5,2
Talco para Pies Portugal 300 g,18.5,1
Talco para Pies Portugal 75 g,8.5,1
Algodón CKF 25 g,2.0,12
Colonia Barbie 175 ml,18.5,1
Aceite para Bebé Portugal 60 ml,8.0,3
Ceftridax 1 g Solución Inyectable (Ampolla),11.0,6
Resfril Noche Granulado x 60 sobres,3.0,60
Mascarillas Descartables 3 Pliegues x 50 un (Caja),10.0,1
"Venda Elástica 5"" x 5 yardas",2.2,6
Somafol 500 mg x 100 tab,14.5,1
B-Vat Forte Solución Inyectable (Ampolla),22.5,2
Clindamicina 600 mg / 4 ml Solución Inyectable Ampolla,5.6,13
Ciruelax Forte x 100 comprimidos,1.4,20
Dolomax 400 mg x 20 tab,1.5,20
Idox 200 mg x 100 cápsulas,1.2,100
Infadol 100 mg / 5 ml Jarabe,12.0,2
Ampicilina 500 mg x 120 cápsulas,1.0,120
Eritromicina 500 mg x 50 tab,0.9,50
Loratadina 10 mg x 100 tab,0.2,100
Sildenafilo Genfar 100 mg x 1 tab,3.0,6
Traminofenol (Tramadol + Paracetamol) x 10 tab,2.2,10
Pinzas Apple Plateadas x 12 un,1.5,12
Diclodor 2.32% Gel 50 g,17.0,3
Terfitil 1% Solución Tópica en Spray,18.0,2
Jabón Protex,4.2,6
Jabón Palmolive,4.2,6
Jabón Spa,3.5,6
Toallas Higiénicas Nosotras x 12 un,6.0,6
Bebida Rehidratante Suerox Mora Azul,7.5,6
Jabón Johnson's Baby 110 g,4.8,6
Compota Pediátrica 113 g,4.2,3
Chicles Boogie 7 x S/ 1.00,0.2,120
Pañitos Húmedos Pequeñín,3.8,7
"Omega 3, 6, 9 Sacha Inchi",45.0,1
Menthobióticos Miel y Limón,2.5,3
Gingisona B Menta Caramelos,3.5,6
BUK,1.0,40
Turbopax 1% Crema,9.5,2
Misotrim 200 mg + 40 mg / 5 ml Suspensión,12.0,2
Migradel x 100 tab recubiertas,4.0,13
Cefalogen 1 g Solución Inyectable (Ampolla),19.8,3
Gamalate B6 x 60 tab,4.5,10
Compensial-S,3.3,28
Vitamina E,1.0,30
Quitaler 5 mg x 30 tab,1.2,100
Ibancheck x 30 cápsulas (Pregabalina),2.0,30
Kefdyl 500 mg x 100 cápsulas (Cefadroxilo),1.5,100
Atorvastatina 20 mg x 100 tab,0.3,100
Paracetamol 1 g x 100 tab,0.7,100
Sildenafilo 100 mg x 1 tab,1.8,50
"Venda Elástica 2"" x 5 yardas",1.3,6
Bajalenguas de Madera x 100 un (Caja),9.0,100
Termómetro Digital Rígido Verde x 1 un,10.0,5
Bonadol 500 mg x 100 tab,0.8,100
Fos-Hepan Forte x 30 cápsulas,3.0,30
Hemorroginol Crema,1.8,90
Gripa Not x 100 tab,1.5,100
Dolo-Complex x 100 tab,2.5,100
Ceftrizol 1 g Solución Inyectable (Ceftriaxona),14.5,6
Abubron BR x 100 cápsulas,2.5,100
Cimagzin-C x 30 sobres,1.5,30
Lasomin-Z,25.0,2
Esomeprazol 20 mg x 30 tab,0.8,30
Bismucar Suspensión Oral Fresa 340 ml,25.0,2
Crema Goicoechea Ginkgo Biloba,35.0,1
Guantes de Látex para Examen x 100 un (Caja),18.0,2
Paracetamol 1 g x 100 tab,0.7,100
Sildenafilo 100 mg x 1 tab Farmindustria,1.8,100
"Venda Elástica 2"" x 5 yardas",1.6,6
Bicarbonato de Sodio 50 g (Pote),2.5,3
Esparadrapo de Seda,2.0,12
Eliton Cip AP Jarabe,32.0,1
Rhino Clo 0.9% Pulverizador Nasal 15 ml,13.0,2
Madre DHA x 30 cápsulas blandas,52.0,1
Paracetamol Gotas 100 mg / ml 15 ml,3.0,6
Pañales Veesper Talla G x 56 un,40.0,1
Pañales Veesper Talla M x 62 un,40.0,1
Pañales Veesper Súper Paquetón x 70 un,55.0,1
Biberón Creesse 14 oz,16.0,2
Cipro-Sol 500 mg x 100 tab recubiertas,1.5,100
Loperamida 2 mg x 100 tab,0.3,100
Oxitocina 10 UI / 1 ml Solución Inyectable (I.M. / I.V.),4.0,12
Hidroxocobalamina Solución Inyectable,3.5,12
Lactulosa 3.33 g / 5 ml Solución Oral 120 ml,13.5,3
Lactulosa 3.33 g / 5 ml Solución Oral 180 ml,18.5,3
Talco Mentolado Isana 240 g,15.0,2
Talco Mentolado Isana 60 g,10.0,1
Talco Isana 60 g,9.0,1
Clorfedan 10 mg / 1 ml Solución Inyectable x 100 ampollas,3.5,20
B-Vat Inmucare x 60 cápsulas,1.5,60
Muxatil 100 mg / 5 ml Jarabe,28.0,4
Zitrolab 200 mg / 5 ml Suspensión 30 ml,28.0,3
Vaselina Pura 80 g (Pote),7.0,3
Orfelax 100 mg x 100 tab,1.2,100
Dolfever Migraña 250 mg + 250 mg + 65 mg x 100 tab,1.0,36
Azibrand 500 mg x 50 tab,3.0,50
Claritromac 500 mg x 30 tab,3.0,30
Brimodin 600 mg x 20 tab,3.0,20
Arcodex 90 mg x 100 tab,3.2,14
Eritromedic 250 mg / 5 ml Suspensión,18.3,6
Cafiaspirina Forte 650 mg + 65 mg x 36 tab,1.5,36
Pasta Dental Vitis Encías 100 ml,22.0,2
Cepillo Interproximal Vitis Interprox Súper Micro 0.7 mm x 6 un,25.0,6
Cepillo Interproximal Vitis Interprox Micro 0.9 mm x 6 un,25.0,6
Gel Dentífrico Vitis Junior (6+ años) 75 ml,18.9,2
Cepillo Dental Vitis Junior V2 (6+ años),17.2,2
Cepillo Dental Vitis Encías V2 (Caja),17.2,2
Cepillo Dental Vitis Suave V2,17.3,2
Rynat 0.05% Gotas Nasales 15 ml,35.0,1
Idelle 0.1% Crema 15 g,34.9,2
Reumafrost Pomada de Frotación,9.0,1
Cortex 60 mg / 2 ml Solución Inyectable,7.8,4
Orfenadrina Citrato Solución Inyectable,2.5,12
Neo Nisoprex 15 mg / 5 ml Jarabe,35.0,3
Decorten NF 2 mg / 5 ml Suspensión 100 ml,30.0,1
Decorten 0.5 mg / 5 ml Suspensión,26.0,1
Biobroncol S 250 mg / 5 ml Suspensión,23.5,3
Biobroncol S 500 mg x 12 cápsulas,2.5,12
Vitamina C 1000 mg + Zinc x 12 tab efervescentes,12.0,6
Multivitaminas Niños x 20 tab efervescentes,12.0,3
Cinta Adhesiva de Seda Top Medic 5 cm x 5 m,6.0,6
Pharmapred 5 mg / 5 ml Suspensión Oral 100 ml (Prednisona),20.8,3
Bonageo 2% Champú 100 ml (Ketoconazol),23.0,1
Ambromexina 15 mg / 5 ml Jarabe,15.2,3
Ambromexina 30 mg / 5 ml Jarabe,15.8,3
Amigdazol B,22.5,1
Dexametasona Solución Inyectable (Ampolla),2.5,100
Pantoprazol 40 mg x 30 tab de liberación prolongada,1.8,30
Prednisona 5 mg / 5 ml Jarabe Portugal,11.0,3
Meloxicam 15 mg / 1.5 ml Solución Inyectable x 5 ampollas,6.2,15
Dolcox 120 mg x 10 tab,4.0,28
Etoxblan 120 mg x 10 tab,2.5,20
Gastrox 40 mg x 30 cápsulas,1.0,30
Gastrox 20 mg x 30 cápsulas,0.6,30
Proflox-CL 500 mg + 125 mg x 10 tab,3.0,10
Trotochek x 30 cápsulas,2.5,30
Nausicalm Unidosis,1.5,60
Enterophar Forte Diephar x 60 monodosis,1.5,60
Bepanthen Baby Ungüento Tópico,33.0,1
Clenbuvent Expectorante Jarabe 120 ml,28.0,2
Aneurin B12 20 000 mcg / 2 ml Solución Inyectable,32.5,2
Pasta Oral-B,5.0,3
Metrexol 500 mg / 100 ml Solución para Infusión (Metronidazol),6.0,12
Mascara Nebulizadora (Adulto / Pediátrico),7.5,12
Veraler 2.5 mg / 5 ml Solución Oral 60 ml (Levocetirizina),15.0,3
Roxtil B Crema 20 g,11.0,5
Tusilexil Jarabe,29.5,2
Multipiel Crema 15 g,22.5,2
AB-Broncol 600,28.0,6
Dolo Press Flash,2.8,100
Sebaxx,13.5,3
Afitmin Jarabe 200 ml,39.0,1
Profeket 100 mg / 2 ml Solución Inyectable (I.M.) x 10 ampollas,11.0,10
Abubron BR PPSO 60 ml,23.0,3
Bepanthen Crema 30 g,32.0,3
Fenazopiridina Kumara Perú,0.4,100
Corifan 2 mg / 5 ml Jarabe 120 ml,27.2,1
Bencilpenicilina Benzatínica 1 200 000 UI Sol. Inyec. (I.M.) x 10 ampollas,4.5,10
AB-Broncol 1000 Solución Inyectable (I.M.) Polvo + Diluyente x 1 ampolla,26.8,3
Bactrim Balsámico 800 mg + 160 mg + 250 mg / 15 ml Suspensión x 100 ml,24.6,2
Pack Talco Isana (Grande + Chico),17.2,2
Mucotrim Ambroxol Gotas,12.8,3
Lergizina-Plus,1.5,100
Dexabron Expectorante Jarabe,18.8,1
Muxatil 600 mg Polvo x 20 sobres,3.2,20
Histiglob 24 mg x 20 tab,2.3,20
Losartán 50 mg x 30 comprimidos Portugal,8.5,6
Valsartán 160 mg x 20 tab,1.0,20
Valsartán 80 mg x 20 tab,0.8,20
Amoxicilina + Bromhexina 250 mg + 4 mg / 5 ml Jarabe 60 ml Portugal,8.2,3
Complejo B Jarabe 120 ml,5.8,2
Curitas Alkhofar x 100 un,6.5,3
Crema Corporal Aclara Almendras + Vainilla 450 ml,16.0,2
Mucosolvan Compositum Adulto Jarabe,31.0,1
Mucosolvan Compositum Pediátrico Jarabe,30.0,1
Gravol A/P 75 mg x 84 cápsulas,7.3,6
Jabón Johnson's Baby Glicerina Neutro,5.0,3
Tifocol 250 mg x 100 tab,1.2,100
Coxicel 400 mg x 10 cápsulas (Celecoxib),2.8,50
Pantoprazol 40 mg x 100 tab QM Pharma,1.2,100
Gensarna Loción Tópica,14.0,2
Champú Amaras 700 ml,23.5,1
Acondicionador Amaras 700 ml,20.0,1
Rhino-BB Gotas Nasales,15.6,2
Ketoconazol 2% Crema 20 g,3.7,6
Dolofarmalan 75 mg / 3 ml Solución Inyectable x 5 ampollas,10.0,5
Tapsin Migraña x 50 sobres (2 comprimidos c/u),1.2,50
Otidol NF Gotas Óticas 5 ml,14.2,2
Omeprazol 20 mg x 100 tab,0.2,100
Orfeu 100 mg x 100 tab,1.0,100
Dexa-4 4 mg / 1 ml Solución Inyectable x 10 ampollas,5.0,20
Lactibon Fem pH 3.5 Loción Íntima 240 ml,27.0,1
Nopucid 10 1% 2 en 1 Loción Pediculicida x 40 sachets Abbott,2.5,40
Xiniler 5 mg / 5 ml Jarabe 60 ml (Cetirizina),17.5,3
Antitranspirante Rexona Men Antibacteriano,12.9,2
Antitranspirante Rexona Men Aerosol V8,12.9,2
Antitranspirante Rexona Emotion,12.9,2
Dolocordralan Gel 1% 50 g,15.0,1
Electroral Solución Oral Fresa 500 ml,10.5,3
Zentel 400 mg / 10 ml Suspensión (Albendazol),13.2,3
Nasaler Plus CL Jarabe,26.2,1
Nasaler Plus CL Gotas,21.5,1
Dorixina Relax x 20 tab,3.0,20
Parasintel 200 mg x 60 tab (Albendazol),1.9,20
Crema de Manos Frutos Rojos 90 g,10.0,2
Mini Pack de Pañales Veesper,5.0,15
Dolifeb 800 mg x 100 tab,1.5,100
Gomitas Multivitamínicas x 60 un,37.0,2
Mimir Gomitas de Melatonina x 60 un,38.0,2
Levocin 5 mg x 100 tab,1.5,100
Cafazolbac 1 g Solución Inyectable,11.0,6
Colágeno Hidrolizado + Cartílago de Tiburón,78.0,1
Citrato de Magnesio 330 g,52.0,1
Jabón Asepxia Concha de Nácar / Carbón,12.0,3
Dolo Rod-B,2.0,100
Antitranspirante Dove Aerosol,12.9,3
Antitranspirante Rexona Aerosol,12.9,2
Toallas Higiénicas Veesper x 50 un,2.5,2
Skingen Beauty x 30 sobres,3.5,30
Skingen Flex x 30 sobres,3.5,30
Skingen Beauty Lata 330 g,72.0,1
Skingen Flex Lata 330 g,72.0,1
Mascarillas Descartables 3 Pliegues x 50 un (Caja),12.0,1
Aler 5 mg / 5 ml Jarabe 60 ml,11.2,12
Dolosport 550 mg x 100 tab,1.5,100
Neonypol x 12 cápsulas vaginales,4.5,12
Minoxidil 5% Solución Cutánea 60 ml,32.0,2
Hoja de Bisturí N° 10,1.0,50
Hoja de Bisturí N° 15,1.0,50
Gravol 15 mg / 5 ml Jarabe 60 ml,52.8,1
Kitadol Migraña x 100 tab,2.2,4
Metamizol Sódico 1 g / 2 ml Solución Inyectable (Ampolla),2.2,50
Maltofer 50 mg / 5 ml Jarabe 100 ml,56.5,1
Maltofer 50 mg / ml Gotas 30 ml,60.0,1
Gasa Parafinada Jelonet 10 cm x 10 cm,4.0,10
Pasta Dental Vitis Whitening / Antimanchas,36.9,1
Loralab 10 mg x 100 tab,1.2,100
Ceregen VIT 10+ Solución Oral,39.6,1
Biberón Chicco Vidrio Anticólicos,40.2,1
Toallitas Húmedas Babysec Verdes,5.8,12
Gel Para Peinar Xtreme Profesional,4.0,3
Champú Konzil,14.0,1
Acondicionador Konzil,12.5,1
Aspirador Nasal Pediátrico,11.0,2
Antitranspirante Lady Speed Stick Cream,4.5,6
Biberones Tuinies Pack x 2 un,14.8,1
Crema para Peinar Pantene,18.0,2
Crema para Peinar Herbal Essences,27.0,1
Set de Limas para Uñas,8.5,2
Cortaúñas de Acero Inoxidable,6.5,2
Set de Cortaúñas x 3 un,11.5,1
Hisopos Estuche Corazón x 90 un,2.5,6
Hisopos Palo de Madera (Bolsita),2.0,5
Cepillo Dental Infantil Gatita,5.0,2
Cepillo Dental Infantil Oso,4.0,2
Pañales Veesper Talla G x 56 un,39.0,1
Pañales Veesper Talla M x 62 un,39.0,1
Toallitas Húmedas Veesper Pack x 2 un,6.0,1
Toallas Higiénicas Veesper Pack x 1 un,3.0,1
Pasta Dento Anticaries Familiar,5.3,6
Acondicionador Amaras 475 ml,15.5,1
Champú Amaras,20.0,2
Pañales Huggies Active Sec x 42 un,29.5,1
Crema Facial Pond's Clarant B3 / Aclara 100 g,18.6,1
Crema Facial Pond's Clarant B3 / Aclara 50 g,11.2,1
Gel para Peinar Ego Atracción Total,5.0,3
Gel para Peinar Ego Ultra Fijación,4.8,3
Bloqueador Solar Dermosol Extrema,18.8,1
Bloqueador Solar Dermosol Gold,24.5,1
Champú Johnson's Baby 750 ml,42.2,1
Chocolate Princesa,2.5,24
Acondicionador Nutribela,15.5,1
Vitamina C 1000 mg + Zinc + Vitamina D3 x 12 tab efervescentes,15.0,3
Resina Sangre de Grado 30 ml,32.0,3
Enjuague Bucal Dento Menta,12.0,1
Champú Dove Reconstrucción Completa 370 ml,16.5,2
Diclobal 500 mg x 100 cápsulas (Dicloxacilina),1.5,50
Bisoprolol Fumarato 5 mg x 30 tab,0.8,30
Metronidazol 250 mg / 5 ml Jarabe 60 ml,5.0,3
Alicam Forte 500 mg x 100 tab (Paracetamol),0.5,200
Cefabroncol S 500 mg x 80 tab,2.5,40
Bioviton x 30 cápsulas,1.4,30
Eucerin PH5 Gel de Baño,78.0,1
Eucerin PH5 Crema Corporal,99.5,1
Milpax F Suspensión Oral Sabor Cereza 360 ml,53.0,1
Nausicalm Jarabe 60 ml,19.8,3
Cortafam NF 200 mg x 100 cápsulas (Nifuroxazida),1.5,100
Nuvett SM 200 mg x 21 tab,3.8,21
Dayamineral Jarabe 120 ml,55.0,1
Árnica Gotas 30 ml,2.0,12
D-Hipoglós Z Emulsión 35 g,27.2,1
Enterogermina Plus 4 MMI / 5 ml Solución Oral (Ampolla Bebible),8.8,5
Fosfurol 3 g (Fosfomicina),43.0,2
Fleming 250 mg / 5 ml Suspensión Oral 60 ml,25.5,2
Dioxaflex Solución Inyectable (Ampolla),9.5,5
Bactrim 200 mg + 40 mg / 5 ml Suspensión Oral 100 ml,24.0,2
Agua Estéril para Inyección (Ampolla Plástica),1.0,100
Pack Toallitas Húmedas Ninet con Táper + Toallitas Nastizol,28.0,1
Dolo-Ket 60 mg / 2 ml Solución Inyectable (Ketorolaco),3.0,25
Uropol Forte 200 mg x 100 tab,3.2,20
Pañales Ninet Talla L x 64 un (Bolsa Naranja),44.0,1
Toallas Higiénicas Veesper Pack x 3 un,9.0,4
Crema para Peinar Sedal,12.5,7
Antitranspirante Speed Stick Crema 100 g,12.0,3
Pañales Adulto Plenitud x 20 un,45.0,2
BioGaia Protectis Gotas 5 ml,56.8,2
Escobilla Lavabiberón,14.0,2
Cepillo Dental Oral-B Pro,10.0,2
Pasta Oral-B 3D White,8.0,3
Vinagre de Manzana,10.5,1
Pañales Babysec Premium Talla M x 62 un,39.0,1
Pañales Babysec Talla XXG x 44 un,42.0,1
Antitranspirante en Crema (Tubo Grande),12.0,3
Antitranspirante en Crema (Tubo Pequeño),4.5,6
Desodorante Axe Aerosol,12.0,2
Tinte para Cabello Garnier Nutrisse,13.0,4
Nastizol Forte Antigripal x 100 comprimidos,1.7,2
Vodravol 50 mg x 100 tab,0.8,100
Flex NF 2 mg Solución Inyectable (Pridinol Mesilato),22.2,3
Apronax 275 mg x 8 tab,2.0,8
Trimetazol Pediátrico Suspensión,1.0,60
Dolofenac Flex 3 mg x 30 tab,2.8,30
Aerox Gotas Sabor Fresa,9.5,1
Amoxidin CL 250 mg + 62.5 mg / 5 ml Suspensión 60 ml,65.7,1
Cera Dental para Ortodoncia,12.5,2
Macuvit G x 30 cápsulas,95.0,1
Glibenclamida 5 mg x 100 tab (repetido?),6.5,1
Levo-Del 5 mg x 30 tab,1.5,100
Cefazolbac 1 g Solución Inyectable + Lidocaína 1%,10.0,8
Toallitas Húmedas Huggies Puro y Natural,14.2,2
Mucotrim 30 mg / 5 ml Jarabe,14.5,1
Mometasona Furoato 0.1% Crema 15 g,21.5,3
Núcleo CMP Forte x 30 cápsulas,4.5,20
Azitromicina 200 mg / 5 ml Suspensión Oral 15 ml Portugal,6.5,3
Azitromicina 200 mg / 5 ml Suspensión Oral 30 ml Portugal,7.5,3
Clavutrim 1 g x 10 tab,2.0,14
Bloqueador Solar Bahía Total Sunblock 100 g,32.0,2
Bloqueador Solar Facial Bahía Color (Tono 1 / Tono 2),32.0,2
Crema Contorno de Ojos Coenzima Q10,28.0,2
Sinescal 80 g (Pote),13.0,3
Crema Blanqueadora Portugal,1.8,20
Magnesio + Calcio + Zinc x 60 cápsulas,30.0,2
Tioctan Forte x 30 cápsulas,1.9,30
Enjuague Bucal Vitis Encías con Flúor 500 ml,30.2,2
Dolalivio Colky Gotas,1.5,30
Tukhelix Jarabe 120 ml,25.0,2
Dibrolax 5 mg x 100 tab,1.5,20
Uropol Forte 200 mg x 100 tab,3.2,20
B-Vat Forte Solución Inyectable (Ampolla),20.0,10
Magnesol Magnesio + Zinc x 30 sobres efervescentes,1.3,20
Frutti Flex 50 x 1000,9.9,3
Núcleo CMP Solución Inyectable (Ampolla),4.5,20
Supracalm 1 g x 100 tab,2.0,20
Pañales Ninet Talla L x 64 un,44.0,1
Mucotrim Forte Jarabe 120 ml,14.5,1
Xeniler 10 mg / ml Gotas 15 ml,16.5,2
Plidan Compuesto Forte Solución Inyectable (Caja x 1 ampolla),23.0,2
Pasta Oral-B Menta Grande,10.5,2
Champú Head & Shoulders Anticaída 850 ml,42.0,1
Champú Head & Shoulders Anti-Comezón 1 L,45.0,1
Jabón Líquido Antibacterial Monclear,6.5,6
Enjuague Bucal Listerine Cool Mint 500 ml,20.0,2
Panadol 500 mg x 16 tab efervescentes,2.5,30
Bronco Velamox NF x 50 cápsulas,1.5,50
Benalgin 10 000 Solución Inyectable,20.2,20
Framidex NF Solución Oftálmica,13.5,2
Ketesse 50 mg / 2 ml Solución Inyectable,20.2,5
Mucobrol 600 mg Granulado (Acetilcisteína),2.5,20
Floril Smart Gamer Gotas Oftálmicas,19.8,2
Mupirocina 2% Ungüento 15 g IQ Farma,14.5,3
Medicrem Crema Tópica,8.5,3
Histiglob 16 mg x 20 tab,2.0,20
Bismutol Suspensión Oral 340 ml,32.2,1
Ketoprofeno 100 mg / 2 ml Solución Inyectable,3.5,5
Dolmacalm Infantil Gotas,10.2,6
Novucar Crema,9.8,6
Terbifun 1% Solución Tópica 30 ml,21.2,2
Dilovet 250 mg / 5 ml Suspensión Oral 80 ml,15.5,3
Amikanem 500 mg / 2 ml Solución Inyectable x 25 ampollas,4.2,25
Neurolem Forte Solución Inyectable (Ampolla A + Ampolla B),19.5,5
Parasitrol 100 mg / 5 ml Suspensión Oral (Pack x 2 frascos),16.5,3
Pyrimidic 100 mg x 100 tab recubiertas,1.2,100
Jabón Grisi Leche de Burra Hidratante,6.5,12
Ginacaba 2% Crema Vaginal 30 g,22.5,2
Vagisten 0.1% Crema 15 g,47.2,2
Floratil 200 mg x 10 sobres,3.9,10
Jabón de Concha de Nácar,6.5,3
Doloral Gotas 15 ml,18.2,3
Confordex 50 mg / 2 ml Solución Inyectable x 10 ampollas,18.5,5
Familia 28 x 28 tab (Anticonceptivo Oral),10.2,2
Dimenhidrinato 50 mg x 100 tab,9.8,1
Cabestrillo Infantil,15.0,1
Repelente Off! Family Spray 100 ml,12.9,1
Repelente Off! Family Aerosol,21.2,1
Cepillo Dental Oral-B Mickey (Infantil),4.8,3
Desodorante Gillette Aerosol,15.2,2
Champú Nutribela,15.2,5
Desodorante Old Spice Barra Fresh,13.2,3
Zetaler 5 mg / 5 ml Jarabe,28.8,2
Zetaler Gotas,28.8,2
Aerospam Gotas,19.5,2
Magal-D Suspensión Oral,22.0,1
Nodial Crema Dérmica 10 g,7.2,1
Rinathan D Gotas Nasales,32.5,1
Framicort Solución Oftálmica,13.2,1
Toallitas Húmedas Ninet x 80 un,7.5,12
Buscapina grageas,2.0,30
Bebida Rehidratante Suerox,6.8,6
Cicatricure Gel Para Cicatrices,38.2,3
Champú Ketonil 2% 100 ml (Ketoconazol),38.5,2
Bencilpenicilina Procaínica Solución Inyectable,3.0,12
Neurolem Forte Solución Inyectable (Ampolla),19.5,6
